{"epochs": 20, "num_classes": 2, "num_heads": 5, "final_loss": 0.3133096694946289, "labels": {"0": "close_browser", "1": "open_browser"}, "train_accuracy": 0.94375, "loss_hist": [0.7019084692001343, 0.7085798978805542, 0.6847490072250366, 0.7186731100082397, 0.6799068450927734, 0.7024919986724854, 0.6926727294921875, 0.6707820296287537, 0.73737633228302, 0.6952495574951172, 0.7204561829566956, 0.6948851346969604, 0.7112249135971069, 0.6623719930648804, 0.6833216547966003, 0.6665523648262024, 0.7002573609352112, 0.669922411441803, 0.6920809745788574, 0.6992399096488953, 0.6427133679389954, 0.6520994305610657, 0.6196262836456299, 0.6523346900939941, 0.6247987747192383, 0.6954690217971802, 0.7728862762451172, 0.6702403426170349, 0.6508179306983948, 0.6414967179298401, 0.6245233416557312, 0.6108477115631104, 0.60907381772995, 0.7378337383270264, 0.551084578037262, 0.6293033361434937, 0.6143127679824829, 0.6870154738426208, 0.5699582695960999, 0.6107338070869446, 0.5331974625587463, 0.7085326910018921, 0.5529695153236389, 0.5022397637367249, 0.575543224811554, 0.5243934392929077, 0.44424766302108765, 0.45630255341529846, 0.5241092443466187, 0.4827197790145874, 0.44084829092025757, 0.5391826629638672, 0.3908780813217163, 0.43391549587249756, 0.5192121267318726, 0.3952615261077881, 0.3562496304512024, 0.7575435638427734, 0.35920336842536926, 0.3707437515258789, 0.39257124066352844, 0.3457740545272827, 0.728218138217926, 0.7492900490760803, 0.3380352854728699, 0.38648539781570435, 0.40558066964149475, 0.3629375100135803, 0.34806016087532043, 0.34065502882003784, 0.3544008135795593, 0.32632938027381897, 0.5215529799461365, 0.31654074788093567, 0.35580283403396606, 0.37738949060440063, 0.4195088744163513, 0.32779285311698914, 0.4252316355705261, 0.3303984999656677, 0.3502129912376404, 0.3673423230648041, 0.31687214970588684, 0.31939423084259033, 0.35395023226737976, 0.32778966426849365, 0.32527458667755127, 0.32639750838279724, 0.33915975689888, 0.37328341603279114, 0.32123613357543945, 0.3192676603794098, 0.3145994544029236, 0.3829696774482727, 0.3244961202144623, 0.31376227736473083, 0.3191557228565216, 0.3183419704437256, 0.3146064281463623, 0.3233506381511688, 0.3191963732242584, 0.31780996918678284, 0.3146606385707855, 0.32194164395332336, 0.31835228204727173, 0.31728601455688477, 0.3143397867679596, 0.3148498237133026, 0.3165208399295807, 0.315952330827713, 0.31806680560112, 0.3139919638633728, 0.31332117319107056, 0.3140348792076111, 0.3160138726234436, 0.3185896575450897, 0.3160986006259918, 0.3135188817977905, 0.31840449571609497, 0.31463906168937683, 0.3145183324813843, 0.3148651123046875, 0.3193410336971283, 0.31500476598739624, 0.33999815583229065, 0.31721144914627075, 0.3138151466846466, 0.3147556483745575, 0.31705424189567566, 0.3150424361228943, 0.3191344141960144, 0.3191796541213989, 0.31446531414985657, 0.31329861283302307, 0.32236844301223755, 0.31563800573349, 0.3138749897480011, 0.3139437139034271, 0.3147704601287842, 0.31328946352005005, 0.314390629529953, 0.31342077255249023, 0.3137687146663666, 0.3148402273654938, 0.3158652186393738, 0.31335732340812683, 0.3149704933166504, 0.3134378492832184, 0.31471285223960876, 0.31487226486206055, 0.3142206072807312, 0.3151628375053406, 0.31331777572631836, 0.31743302941322327, 0.31424543261528015, 0.31575968861579895, 0.31572631001472473, 0.3135876953601837, 0.31790757179260254, 0.314852237701416, 0.3169863224029541, 0.3134104907512665, 0.3135743737220764, 0.31623101234436035, 0.31463688611984253, 0.3134409785270691, 0.3134508430957794, 0.31523606181144714, 0.31781238317489624, 0.3144877851009369, 0.3144043982028961, 0.3139883875846863, 0.3132900595664978, 0.31336185336112976, 0.31496021151542664, 0.31499338150024414, 0.31361985206604004, 0.31351661682128906, 0.31356462836265564, 0.31332284212112427, 0.31506800651550293, 0.31517040729522705, 0.3139282166957855, 0.3168022632598877, 0.3143446743488312, 0.31358927488327026, 0.3138423264026642, 0.31519100069999695, 0.313357949256897, 0.31439900398254395, 0.3139539062976837, 0.31327158212661743, 0.31329041719436646, 0.31370773911476135, 0.3134098947048187, 0.31624630093574524, 0.31329625844955444, 0.3159017264842987, 0.31326863169670105, 0.3154488801956177, 0.3140876591205597, 0.3135981559753418, 0.3151828348636627, 0.3133946359157562, 0.31352847814559937, 0.3139588534832001, 0.3134090006351471, 0.31335699558258057, 0.3132711350917816, 0.3150225877761841, 0.31332579255104065, 0.31339332461357117, 0.3140578866004944, 0.3140152096748352, 0.3140074610710144, 0.31350964307785034, 0.3133694529533386, 0.3133954107761383, 0.31517457962036133, 0.313963383436203, 0.31330129504203796, 0.31340107321739197, 0.3132973909378052, 0.3137351870536804, 0.3133223056793213, 0.3140941858291626, 0.3132799565792084, 0.3243870139122009, 0.3132893741130829, 0.3134651184082031, 0.3139008581638336, 0.31332728266716003, 0.3133128881454468, 0.31416916847229004, 0.3192313611507416, 0.3135731518268585, 0.31365931034088135, 0.31428295373916626, 0.3155592083930969, 0.3134608566761017, 0.31330209970474243, 0.31471163034439087, 0.31334635615348816, 0.3134026527404785, 0.3137020170688629, 0.3138751685619354, 0.313805490732193, 0.31345334649086, 0.31330111622810364, 0.31326767802238464, 0.3137265741825104, 0.3136967718601227, 0.31424883008003235, 0.3137754499912262, 0.3132801353931427, 0.31496310234069824, 0.31329643726348877, 0.31362760066986084, 0.313334584236145, 0.31523892283439636, 0.31362229585647583, 0.31331148743629456, 0.31356722116470337, 0.3133278787136078, 0.3149971067905426, 0.3132745623588562, 0.3133867084980011, 0.3142130374908447, 0.31348124146461487, 0.31374868750572205, 0.3132849931716919, 0.31326478719711304, 0.3132633864879608, 0.31365251541137695, 0.31335142254829407, 0.31342923641204834, 0.3134014308452606, 0.31329545378685, 0.3132971227169037, 0.31349465250968933, 0.3172164857387543, 0.3132809102535248, 0.31372326612472534, 0.3132930099964142, 0.31480786204338074, 0.3153723478317261, 0.3137021064758301, 0.31336238980293274, 0.31327977776527405, 0.31327298283576965, 0.3134736716747284, 0.31651902198791504, 0.3135547637939453, 0.31327515840530396, 0.3135403096675873, 0.3133002519607544, 0.3135148882865906, 0.31329861283302307, 0.31385338306427, 0.31363561749458313, 0.31332850456237793, 0.3139802813529968, 0.3133223056793213, 0.3133080005645752, 0.3136384189128876, 0.31329861283302307, 0.31335967779159546, 0.3134157061576843, 0.31346774101257324, 0.31555816531181335, 0.31333068013191223, 0.3135607838630676, 0.31334617733955383, 0.31331950426101685, 0.31331709027290344, 0.3141757845878601, 0.31347009539604187, 0.31343594193458557, 0.3132627010345459, 0.3133096694946289]}