{"epochs": 20, "num_classes": 2, "num_heads": 5, "final_loss": 0.3135410249233246, "labels": {"0": "close_browser", "1": "open_browser"}, "train_accuracy": 0.921875, "loss_hist": [0.7187142372131348, 0.6738280653953552, 0.6744757890701294, 0.6674114465713501, 0.7238736152648926, 0.6594022512435913, 0.7166342735290527, 0.6509110927581787, 0.67742919921875, 0.7140239477157593, 0.6568353176116943, 0.7278289794921875, 0.732643723487854, 0.7356232404708862, 0.6519411206245422, 0.7297161817550659, 0.7150875926017761, 0.6508697867393494, 0.6478692889213562, 0.6413180828094482, 0.6517281532287598, 0.6408043503761292, 0.7082349061965942, 0.7051070928573608, 0.6965072154998779, 0.7383968830108643, 0.7043004035949707, 0.6642791032791138, 0.6887897849082947, 0.6658698320388794, 0.6994079351425171, 0.6869077682495117, 0.6995850801467896, 0.7264797687530518, 0.6581723093986511, 0.6944196224212646, 0.6736657023429871, 0.6496862173080444, 0.6747465133666992, 0.6550393104553223, 0.6164772510528564, 0.6136175990104675, 0.5973689556121826, 0.6458705067634583, 0.5902390480041504, 0.6421293616294861, 0.6159652471542358, 0.634060263633728, 0.6001971364021301, 0.6166285872459412, 0.6435649394989014, 0.5662068128585815, 0.5402058959007263, 0.5273060202598572, 0.4802476167678833, 0.543336808681488, 0.7864375114440918, 0.6800718307495117, 0.47495073080062866, 0.5621018409729004, 0.8187180757522583, 0.7411659955978394, 0.441051185131073, 0.5576801300048828, 0.4247896671295166, 0.48748934268951416, 0.45368701219558716, 0.8048518896102905, 0.5704567432403564, 0.42961034178733826, 0.380161315202713, 0.33138105273246765, 0.42527830600738525, 0.4478875398635864, 0.6019212007522583, 0.6115986704826355, 0.4847095012664795, 0.37115293741226196, 0.8896133899688721, 0.3776373565196991, 0.3948575258255005, 0.42338666319847107, 0.7508529424667358, 0.34252291917800903, 0.4036572277545929, 0.4180543124675751, 0.3889709711074829, 0.33477315306663513, 0.3353654444217682, 0.32877907156944275, 0.35347050428390503, 0.32501354813575745, 0.8124148845672607, 0.32270026206970215, 0.35678794980049133, 0.504192054271698, 0.3453275263309479, 0.32499822974205017, 0.344207763671875, 0.3224542737007141, 0.3180297017097473, 0.3172135353088379, 0.4764239490032196, 0.45327678322792053, 0.3225833475589752, 0.3543345630168915, 0.325214147567749, 0.3939436078071594, 0.3146683871746063, 0.4447447657585144, 0.3826698660850525, 0.3157808184623718, 0.3262792229652405, 0.3280005156993866, 0.3306790292263031, 0.3139950931072235, 0.36804822087287903, 0.3618185520172119, 0.32487428188323975, 0.31419092416763306, 0.3166514039039612, 0.32809755206108093, 0.3624841272830963, 0.31354108452796936, 0.32355767488479614, 0.3157843053340912, 0.3249019384384155, 0.3143516480922699, 0.3653554916381836, 0.31436601281166077, 0.3143391013145447, 0.3135901391506195, 0.319852739572525, 0.3137863278388977, 0.3144944906234741, 0.3266383111476898, 0.3187645673751831, 0.3166518211364746, 0.31411272287368774, 0.3241247236728668, 0.3135225474834442, 0.31394919753074646, 0.3136846721172333, 0.34360769391059875, 0.3138340413570404, 0.3141147494316101, 0.3139530122280121, 0.3146568834781647, 0.314045250415802, 0.313419908285141, 0.3219418227672577, 0.31330233812332153, 0.3330863118171692, 0.3170815706253052, 0.3135319650173187, 0.315510094165802, 0.32780975103378296, 0.31931009888648987, 0.3181631565093994, 0.31406763195991516, 0.31426048278808594, 0.3135961592197418, 0.31423959136009216, 0.31367266178131104, 0.31450867652893066, 0.3136889338493347, 0.31354692578315735, 0.3237255811691284, 0.31437426805496216, 0.31406205892562866, 0.3185901939868927, 0.31672245264053345, 0.31425395607948303, 0.3182850778102875, 0.3139250576496124, 0.3153524398803711, 0.3138653337955475, 0.3133256137371063, 0.31666597723960876, 0.31598004698753357, 0.3132849931716919, 0.31347739696502686, 0.31459102034568787, 0.31734007596969604, 0.3198733627796173, 0.31374669075012207, 0.31352707743644714, 0.3132830858230591, 0.3139500617980957, 0.31327489018440247, 0.3149190843105316, 0.3238324522972107, 0.3142869472503662, 0.31467700004577637, 0.3143739104270935, 0.31327080726623535, 0.3197838366031647, 0.3181815445423126, 0.31561338901519775, 0.3133006989955902, 0.31336909532546997, 0.3218664824962616, 0.31329503655433655, 0.3138457238674164, 0.315313458442688, 0.3135268986225128, 0.31330496072769165, 0.3144158720970154, 0.31609225273132324, 0.31699129939079285, 0.31415802240371704, 0.3132628798484802, 0.3139835000038147, 0.31418290734291077, 0.31428730487823486, 0.3132900595664978, 0.32343974709510803, 0.31332510709762573, 0.31327107548713684, 0.3177174925804138, 0.3133166432380676, 0.31384119391441345, 0.31326618790626526, 0.3155647814273834, 0.31411126255989075, 0.3133171498775482, 0.3133133351802826, 0.31328150629997253, 0.3139204680919647, 0.3132682740688324, 0.31755271553993225, 0.3134039640426636, 0.31326809525489807, 0.31332388520240784, 0.31403210759162903, 0.3134421110153198, 0.31731510162353516, 0.31401172280311584, 0.3150135576725006, 0.3135486841201782, 0.3132813572883606, 0.31349560618400574, 0.3133390247821808, 0.31417760252952576, 0.314475953578949, 0.31339898705482483, 0.3132965862751007, 0.313351571559906, 0.3179096281528473, 0.31328222155570984, 0.3233433961868286, 0.31330862641334534, 0.31360024213790894, 0.31330984830856323, 0.31442320346832275, 0.31333625316619873, 0.31381890177726746, 0.31478115916252136, 0.31334930658340454, 0.313423216342926, 0.314331978559494, 0.31326374411582947, 0.3142232298851013, 0.3135545253753662, 0.31382280588150024, 0.3132625222206116, 0.3160977363586426, 0.31330758333206177, 0.31426796317100525, 0.3132908344268799, 0.31342199444770813, 0.31341683864593506, 0.31338879466056824, 0.31381872296333313, 0.3133808672428131, 0.31326234340667725, 0.3132622539997101, 0.3136973977088928, 0.3132708966732025, 0.3132658302783966, 0.313876211643219, 0.3155986964702606, 0.313760370016098, 0.3135410249233246, 0.3133452236652374, 0.3137713372707367, 0.3147495687007904, 0.31328535079956055, 0.3134814202785492, 0.31327900290489197, 0.3136642873287201, 0.3133643865585327, 0.3132776916027069, 0.31331026554107666, 0.31335803866386414, 0.31374049186706543, 0.31326574087142944, 0.3132701814174652, 0.3138825595378876, 0.31326723098754883, 0.3139747083187103, 0.3138270080089569, 0.3143455386161804, 0.31566476821899414, 0.31449970602989197, 0.31364408135414124, 0.3132723569869995, 0.31326600909233093, 0.313265323638916, 0.3134242594242096, 0.31360000371932983, 0.3138945996761322, 0.31333911418914795, 0.31326696276664734, 0.3151834309101105, 0.3132730722427368, 0.313357949256897, 0.31326913833618164, 0.31339341402053833, 0.3135410249233246]}